feature,importance
last_evaluation,0.36121509434091853
number_project,0.35772376955219215
tenure,0.19706630301234696
overworked,0.08062091086440776
department_support,0.0006972613088811844
department_sales,0.0006425326211898784
salary,0.0005909909472770448
department_technical,0.0004117903197322828
department_accounting,0.0003154038509441763
work_accident,0.00019513887343095
